Designator,Mid X,Mid Y,Rotation,Layer
C1,67.31,-66.04,180.0,top
C2,72.39,-66.04,0.0,top
C3,73.66,-69.85,270.0,top
C4,71.755,-69.215,270.0,top
J1,62.23,-67.3,0.0,bottom
J2,77.47,-67.3,0.0,bottom
J4,69.86999999999999,-56.474999999999994,270.0,top
R1,75.565,-63.5,270.0,top
U1,67.945,-71.12,0.0,top
